                  epoch,         train/box_loss,         train/cls_loss,         train/dfl_loss,   metrics/precision(B),      metrics/recall(B),       metrics/mAP50(B),    metrics/mAP50-95(B),           val/box_loss,           val/cls_loss,           val/dfl_loss,                 lr/pg0,                 lr/pg1,                 lr/pg2
                      1,                 1.5221,                  2.679,                 1.7713,                    0.1,                0.14545,                0.03345,                0.00877,                  2.969,                  19.69,                 4.6677,             0.00065359,             0.00065359,             0.00065359
                      2,                 1.4066,                 1.5551,                 1.6674,                0.01424,                0.32727,                0.00726,                0.00154,                  3.696,                  57.23,                 4.9145,              0.0013159,              0.0013159,              0.0013159
                      3,                  1.454,                 1.5086,                 1.6961,                 0.0694,                0.30374,                0.04571,                0.00994,                  3.231,                 7.8817,                 4.1338,              0.0019738,              0.0019738,              0.0019738
                      4,                 1.3853,                 1.4343,                 1.6626,                0.09251,                0.10909,                0.02249,                0.00471,                 3.3507,                 6.3052,                 5.2025,              0.0019802,              0.0019802,              0.0019802
                      5,                 1.3405,                 1.3716,                 1.6132,                0.08878,                0.13291,                0.03135,                0.00787,                 3.0574,                 4.0473,                 4.1166,              0.0019736,              0.0019736,              0.0019736
                      6,                 1.2927,                 1.3488,                  1.577,                0.14332,                    0.2,                0.08539,                0.02111,                 3.0238,                 3.3839,                 3.4831,               0.001967,               0.001967,               0.001967
                      7,                  1.226,                 1.2593,                  1.536,                0.11865,                0.18182,                0.04397,                0.00965,                  3.162,                 3.6074,                  3.643,              0.0019604,              0.0019604,              0.0019604
                      8,                 1.2556,                 1.2418,                 1.5202,                0.11179,                0.10909,                0.02579,                0.00518,                 3.0581,                 3.9992,                  3.813,              0.0019538,              0.0019538,              0.0019538
                      9,                 1.1625,                 1.1354,                  1.474,                0.04392,                0.09091,                0.03238,                0.00821,                 3.0911,                 3.4536,                 3.6842,              0.0019472,              0.0019472,              0.0019472
                     10,                 1.1495,                 1.1135,                 1.4615,                0.07814,                0.25455,                0.04322,                0.01081,                 2.9662,                 3.3332,                 3.1302,              0.0019406,              0.0019406,              0.0019406
                     11,                  1.176,                 1.1232,                  1.445,                0.05002,                0.10909,                0.02956,                0.01097,                 3.3504,                 3.9106,                 4.1421,               0.001934,               0.001934,               0.001934
                     12,                 1.1318,                 1.1047,                 1.4293,                 0.1278,                0.09091,                0.05157,                0.02392,                 3.0804,                 3.6868,                 3.7031,              0.0019274,              0.0019274,              0.0019274
                     13,                 1.0685,                 1.0489,                 1.4065,                0.13152,                0.16364,                0.04038,                0.00892,                 3.0931,                 3.6464,                 3.7799,              0.0019208,              0.0019208,              0.0019208
                     14,                 1.0651,                 1.0308,                  1.402,                0.21543,                0.07273,                0.05121,                0.01283,                 2.8775,                 3.3575,                 3.3465,              0.0019142,              0.0019142,              0.0019142
                     15,                 1.0338,                 0.9937,                 1.3631,                0.13902,                    0.2,                0.06768,                0.02161,                 2.8761,                 3.3441,                 3.5506,              0.0019076,              0.0019076,              0.0019076
                     16,                 1.0518,                0.99159,                 1.3874,                0.07285,                0.21857,                0.04305,                0.01482,                 2.5664,                  3.622,                 3.2611,               0.001901,               0.001901,               0.001901
                     17,                 1.0497,                0.98431,                 1.3747,                0.14507,                0.27273,                0.12471,                0.03503,                 2.5867,                 3.2203,                 3.2151,              0.0018944,              0.0018944,              0.0018944
                     18,                 1.0134,                0.98887,                  1.383,                0.21398,                    0.2,                0.07502,                0.02582,                 2.8546,                 3.2629,                 3.1863,              0.0018878,              0.0018878,              0.0018878
                     19,                 1.0025,                0.94711,                 1.3608,                0.21151,                0.12727,                0.06544,                0.01577,                 2.9468,                 3.4056,                 3.3565,              0.0018812,              0.0018812,              0.0018812
                     20,                 1.0097,                 0.9597,                 1.3573,                0.18737,                0.07273,                0.04529,                0.01166,                 2.8566,                 3.7187,                 3.2902,              0.0018746,              0.0018746,              0.0018746
                     21,                0.99123,                0.93319,                  1.335,                0.22821,                    0.2,                0.09654,                0.02896,                 2.7465,                 3.1921,                 3.4803,               0.001868,               0.001868,               0.001868
                     22,                0.98303,                0.93712,                 1.3204,                0.25503,                0.27273,                0.15142,                 0.0375,                 2.7077,                 2.9223,                 3.2583,              0.0018614,              0.0018614,              0.0018614
                     23,                0.97436,                0.90929,                 1.3224,                0.15793,                0.25455,                 0.1153,                0.02852,                 2.7138,                 3.1253,                 3.0302,              0.0018548,              0.0018548,              0.0018548
                     24,                0.93815,                0.91197,                 1.3084,                 0.6177,                0.14545,                0.18416,                0.04731,                 2.6425,                 3.2261,                 3.2629,              0.0018482,              0.0018482,              0.0018482
                     25,                 0.9357,                0.88534,                 1.2973,                0.28975,                    0.2,                0.12873,                 0.0461,                 2.5896,                 3.3598,                 3.0377,              0.0018416,              0.0018416,              0.0018416
                     26,                0.91562,                0.86819,                 1.2901,                0.20712,                0.21818,                0.10238,                0.02318,                  2.715,                  3.259,                 3.0992,               0.001835,               0.001835,               0.001835
                     27,                0.92399,                0.85809,                 1.2969,                0.28118,                0.21818,                0.16314,                0.05011,                 2.7345,                 2.9826,                 3.0337,              0.0018284,              0.0018284,              0.0018284
                     28,                 0.9368,                0.85995,                 1.3086,                0.28955,                0.12727,                0.10758,                0.03411,                  2.607,                 3.3315,                 3.2024,              0.0018218,              0.0018218,              0.0018218
                     29,                0.92215,                0.84311,                 1.2749,                0.34933,                0.07273,                0.06452,                0.01125,                 2.9848,                 3.9261,                 3.5435,              0.0018152,              0.0018152,              0.0018152
                     30,                0.90525,                0.83667,                 1.2823,                0.28028,                0.16364,                0.13895,                0.04263,                 2.7045,                 3.3637,                 3.1948,              0.0018086,              0.0018086,              0.0018086
                     31,                0.91285,                0.83305,                 1.2768,                0.09311,                0.23636,                0.05401,                0.01733,                 2.6939,                 3.5743,                 3.2146,               0.001802,               0.001802,               0.001802
                     32,                0.94748,                 0.8675,                 1.3014,                0.20388,                0.16364,                0.09168,                0.02053,                 2.7636,                 3.4438,                 3.3722,              0.0017954,              0.0017954,              0.0017954
                     33,                0.91449,                 0.8251,                 1.2795,                0.51797,                0.23636,                0.27541,                0.09255,                 2.6043,                 2.5586,                 2.9364,              0.0017888,              0.0017888,              0.0017888
                     34,                0.88316,                0.78752,                 1.2542,                0.65101,                0.18182,                0.20424,                0.05605,                 2.7262,                 3.3295,                 3.3784,              0.0017822,              0.0017822,              0.0017822
                     35,                0.89633,                0.82761,                  1.284,                0.13848,                0.17832,                0.10423,                0.02682,                 2.6645,                 3.3156,                 3.3041,              0.0017756,              0.0017756,              0.0017756
                     36,                0.87246,                0.80706,                 1.2596,                0.30576,                    0.2,                0.18236,                0.06751,                 2.6233,                 3.2238,                 3.1227,               0.001769,               0.001769,               0.001769
                     37,                0.88327,                0.79808,                  1.262,                0.37699,                0.16364,                 0.1399,                0.03422,                  2.752,                 3.1179,                 3.4901,              0.0017624,              0.0017624,              0.0017624
                     38,                0.86477,                0.78823,                 1.2528,                0.30221,                0.16364,                0.16941,                0.04886,                 2.6502,                 3.6088,                 3.1336,              0.0017558,              0.0017558,              0.0017558
                     39,                0.87562,                0.77025,                 1.2389,                0.19855,                0.18182,                0.14556,                0.05574,                 2.6175,                 3.2625,                 3.0786,              0.0017492,              0.0017492,              0.0017492
                     40,                0.84738,                0.75675,                 1.2293,                0.20894,                0.12727,                0.09142,                0.02996,                 2.5274,                 3.1391,                 2.8601,              0.0017426,              0.0017426,              0.0017426
                     41,                0.83077,                  0.741,                 1.2264,                0.18188,                0.18182,                0.13574,                0.05154,                 2.5752,                 3.0875,                 2.8925,               0.001736,               0.001736,               0.001736
                     42,                0.83607,                0.75311,                 1.2342,                0.32969,                0.16364,                0.13691,                0.03913,                 2.6652,                 3.0998,                 3.0056,              0.0017294,              0.0017294,              0.0017294
                     43,                0.85058,                0.75338,                 1.2281,                0.24066,                0.18182,                0.12836,                0.05122,                 2.5971,                  3.701,                 2.9992,              0.0017228,              0.0017228,              0.0017228
                     44,                0.82389,                0.73031,                 1.2297,                0.25792,                    0.2,                0.14893,                0.04422,                 2.5811,                 2.7567,                 3.2706,              0.0017162,              0.0017162,              0.0017162
                     45,                 0.8631,                0.77089,                 1.2422,                 0.7449,                0.12727,                0.16081,                0.06585,                 2.6452,                 3.2192,                  3.248,              0.0017096,              0.0017096,              0.0017096
                     46,                0.79018,                0.71498,                 1.1919,                0.38876,                0.12727,                0.13274,                 0.0438,                 2.8822,                 3.3439,                 3.5198,               0.001703,               0.001703,               0.001703
                     47,                0.82703,                 0.7419,                 1.2081,                0.22652,                0.09091,                0.04863,                0.01256,                 2.8382,                 3.8433,                 3.2988,              0.0016964,              0.0016964,              0.0016964
                     48,                0.81801,                0.73909,                 1.2217,                0.16844,                0.12727,                0.11003,                0.03918,                 2.4603,                 3.6882,                 2.8877,              0.0016898,              0.0016898,              0.0016898
                     49,                0.82566,                 0.7214,                 1.2323,                0.30919,                0.12727,                0.13143,                0.05156,                 2.5796,                 3.1663,                 3.0214,              0.0016832,              0.0016832,              0.0016832
                     50,                0.80432,                 0.7102,                 1.1971,                 0.2589,                0.16364,                0.13419,                0.04082,                 2.5067,                 3.1658,                 3.0168,              0.0016766,              0.0016766,              0.0016766
                     51,                0.79584,                0.68963,                 1.2055,                0.24686,                0.10909,                0.07891,                0.03745,                 2.5206,                 3.9686,                 2.9899,                0.00167,                0.00167,                0.00167
                     52,                0.77856,                0.66659,                 1.1941,                0.09672,                0.10909,                0.03993,                0.01463,                 2.8678,                 4.3284,                 3.2381,              0.0016634,              0.0016634,              0.0016634
                     53,                0.80174,                0.70505,                  1.209,                0.12872,                0.12727,                0.05839,                0.01637,                 2.4973,                 4.2783,                 3.0496,              0.0016568,              0.0016568,              0.0016568
                     54,                0.81161,                0.71633,                 1.2053,                0.21124,                0.12727,                0.07121,                0.02824,                 2.6774,                 3.6809,                 3.0316,              0.0016502,              0.0016502,              0.0016502
                     55,                0.78566,                 0.6855,                 1.1898,                0.45488,                0.16364,                0.14377,                0.06142,                 2.5883,                 3.5505,                 2.9708,              0.0016436,              0.0016436,              0.0016436
                     56,                0.78473,                0.68186,                 1.2047,                0.22299,                0.16364,                0.08855,                 0.0332,                 2.4909,                 3.5553,                 2.8438,               0.001637,               0.001637,               0.001637
                     57,                0.78627,                0.68338,                 1.1932,                0.35204,                0.12727,                0.11821,                0.04149,                 2.5557,                 3.7789,                 3.0761,              0.0016304,              0.0016304,              0.0016304
                     58,                0.80786,                0.67944,                 1.2051,                0.44194,                    0.2,                0.20134,                0.06569,                 2.5772,                 3.1835,                 2.9625,              0.0016238,              0.0016238,              0.0016238
                     59,                0.74864,                0.65629,                  1.158,                0.35632,                0.10909,                0.09708,                0.02244,                 2.7619,                 3.5914,                 3.6428,              0.0016172,              0.0016172,              0.0016172
                     60,                0.75938,                0.66642,                 1.1644,                  0.472,                0.23636,                 0.2402,                0.08908,                 2.4826,                 3.0305,                 2.9811,              0.0016106,              0.0016106,              0.0016106
                     61,                0.74835,                0.67631,                 1.1636,                 0.3658,                    0.2,                0.16644,                0.05761,                 2.4777,                 3.4953,                 3.0282,               0.001604,               0.001604,               0.001604
                     62,                0.76857,                0.66311,                 1.1921,                0.42183,                0.14545,                 0.1263,                0.04735,                 2.5737,                 3.5844,                 2.9923,              0.0015974,              0.0015974,              0.0015974
                     63,                0.76857,                0.66328,                 1.1827,                0.27324,                0.14545,                0.13874,                0.03547,                 2.6875,                 3.6978,                  3.124,              0.0015908,              0.0015908,              0.0015908
                     64,                0.77845,                0.65866,                 1.1909,                0.40924,                0.14545,                0.11915,                0.03823,                 2.8263,                 3.4832,                 3.3798,              0.0015842,              0.0015842,              0.0015842
                     65,                 0.7739,                0.66718,                 1.1982,                0.40552,                    0.2,                 0.1806,                0.04657,                 2.5205,                 3.3994,                  3.109,              0.0015776,              0.0015776,              0.0015776
                     66,                0.77626,                0.66802,                 1.1905,                0.22553,                0.12727,                0.12879,                0.04428,                 2.8075,                 3.6334,                 3.3854,               0.001571,               0.001571,               0.001571
                     67,                0.74744,                0.64988,                 1.1714,                0.32736,                0.16364,                0.15424,                0.05006,                 2.6645,                 3.1633,                 3.2793,              0.0015644,              0.0015644,              0.0015644
                     68,                0.74322,                0.65353,                 1.1697,                0.26144,                0.18182,                 0.1256,                0.03707,                 2.6994,                 3.4811,                 3.1121,              0.0015578,              0.0015578,              0.0015578
                     69,                0.75189,                0.65091,                 1.1789,                 0.4981,                0.14545,                0.16763,                0.07388,                 2.7609,                 3.7286,                 3.1695,              0.0015512,              0.0015512,              0.0015512
                     70,                0.74063,                 0.6368,                 1.1644,                0.81551,                0.10909,                0.16879,                0.04986,                 2.6409,                 3.3829,                 3.2469,              0.0015446,              0.0015446,              0.0015446
                     71,                0.74461,                0.62878,                  1.174,                0.23678,                0.25455,                0.18332,                0.05032,                 2.7201,                 3.3482,                 3.3693,               0.001538,               0.001538,               0.001538
                     72,                0.76648,                0.65174,                 1.1745,                0.52634,                0.14545,                0.17123,                0.05775,                 2.8876,                 3.8825,                 3.5234,              0.0015314,              0.0015314,              0.0015314
                     73,                0.73406,                0.62644,                 1.1596,                0.46466,                0.09091,                0.11242,                0.04583,                 2.6744,                 3.9763,                 3.1016,              0.0015248,              0.0015248,              0.0015248
                     74,                0.70238,                0.62095,                 1.1428,                0.29961,                0.09091,                0.08455,                0.02638,                 2.5761,                 3.4912,                 3.2406,              0.0015182,              0.0015182,              0.0015182
                     75,                0.69604,                0.60086,                 1.1276,                0.17253,                0.18182,                0.07742,                0.02195,                 2.6305,                 3.8687,                 3.2124,              0.0015116,              0.0015116,              0.0015116
                     76,                0.72378,                0.60742,                 1.1559,                0.50519,                0.18182,                0.21875,                0.08202,                  2.448,                 2.7894,                 2.9128,               0.001505,               0.001505,               0.001505
                     77,                0.73457,                0.63777,                 1.1544,                0.15586,                0.18182,                0.07638,                0.02026,                 2.7107,                 3.5391,                 3.2989,              0.0014984,              0.0014984,              0.0014984
                     78,                0.70753,                0.60237,                 1.1523,                0.19624,                0.14545,                0.09634,                 0.0379,                 2.5208,                 4.0545,                 2.8676,              0.0014918,              0.0014918,              0.0014918
                     79,                0.72185,                 0.6097,                 1.1601,                 0.6254,                0.14545,                 0.2031,                0.07349,                 2.5934,                 3.4326,                 2.8899,              0.0014852,              0.0014852,              0.0014852
                     80,                0.71293,                0.61114,                 1.1506,                0.33085,                0.18182,                0.17734,                0.05757,                 2.6533,                 3.6075,                 3.1847,              0.0014786,              0.0014786,              0.0014786
                     81,                0.70232,                0.59278,                 1.1378,                0.19511,                0.10909,                0.05756,                0.02221,                 2.9814,                 3.9685,                 3.3841,               0.001472,               0.001472,               0.001472
                     82,                0.73584,                 0.6117,                 1.1611,                0.39937,                    0.2,                0.18723,                0.06046,                 2.7869,                 3.1651,                 3.1092,              0.0014654,              0.0014654,              0.0014654
                     83,                0.73713,                0.61641,                 1.1545,                0.27819,                0.14545,                0.11571,                0.03299,                 2.7356,                 3.2646,                 3.1223,              0.0014588,              0.0014588,              0.0014588
                     84,                0.70982,                0.59307,                 1.1345,                0.28394,                0.25455,                0.16134,                0.06213,                 2.4522,                 3.3137,                 2.9587,              0.0014522,              0.0014522,              0.0014522
                     85,                0.68613,                0.57859,                 1.1433,                0.32776,                0.14545,                0.10592,                0.03075,                 2.6589,                 3.6495,                 3.1314,              0.0014456,              0.0014456,              0.0014456
                     86,                0.71591,                0.60773,                 1.1455,                0.36282,                0.09091,                 0.1009,                0.02797,                 2.5354,                 3.5408,                 3.0894,               0.001439,               0.001439,               0.001439
                     87,                0.71462,                 0.6067,                 1.1325,                0.43203,                0.24907,                0.21119,                0.05531,                 2.5608,                 3.5265,                 2.9546,              0.0014324,              0.0014324,              0.0014324
                     88,                0.69082,                 0.5731,                 1.1387,                0.59251,                0.12727,                0.12081,                0.04382,                 2.5795,                 3.7561,                 3.0078,              0.0014258,              0.0014258,              0.0014258
                     89,                0.66869,                0.56733,                 1.1206,                 0.4718,                0.18182,                0.18258,                0.05498,                 2.8306,                 3.7087,                 3.4912,              0.0014192,              0.0014192,              0.0014192
                     90,                 0.6658,                0.56385,                 1.1191,                0.34845,                0.21818,                 0.1888,                0.05389,                   2.66,                 3.6054,                 3.3308,              0.0014126,              0.0014126,              0.0014126
                     91,                0.71646,                0.58932,                  1.142,                0.46861,                0.16364,                0.20924,                0.07369,                 2.5783,                 3.4254,                 3.0749,               0.001406,               0.001406,               0.001406
                     92,                0.67734,                 0.5713,                 1.1205,                0.43204,                0.18182,                0.16605,                0.05276,                 2.6415,                 3.1871,                 2.9535,              0.0013994,              0.0013994,              0.0013994
                     93,                0.68996,                0.58719,                 1.1411,                0.17224,                0.10909,                 0.0904,                0.02328,                 2.8094,                 3.9388,                 3.3667,              0.0013928,              0.0013928,              0.0013928
                     94,                0.67901,                0.55861,                 1.1195,                0.22596,                0.16364,                0.09959,                0.02784,                 2.5119,                  4.192,                 3.0974,              0.0013862,              0.0013862,              0.0013862
                     95,                0.68175,                0.56812,                 1.1327,                0.54104,                0.10909,                0.13538,                0.05864,                 2.6553,                 3.2808,                 3.1672,              0.0013796,              0.0013796,              0.0013796
                     96,                0.67948,                0.57519,                 1.1365,                0.21583,                0.18182,                0.13746,                0.04722,                  2.578,                 3.2269,                 3.0875,               0.001373,               0.001373,               0.001373
                     97,                0.66082,                0.55681,                 1.1133,                0.56303,                0.12727,                0.13459,                0.04272,                 2.8598,                 3.4813,                 3.3981,              0.0013664,              0.0013664,              0.0013664
                     98,                0.67485,                0.55576,                 1.1289,                0.13648,                0.12727,                0.09744,                0.03012,                 2.7467,                 3.6592,                   3.18,              0.0013598,              0.0013598,              0.0013598
                     99,                0.65549,                0.55874,                 1.1168,                0.15355,                0.10909,                0.09438,                0.02807,                 2.8343,                  3.818,                 3.2036,              0.0013532,              0.0013532,              0.0013532
                    100,                0.67532,                0.57746,                 1.1308,                0.42103,                0.10909,                 0.1262,                0.04835,                 2.7052,                  3.598,                 3.1141,              0.0013466,              0.0013466,              0.0013466
                    101,                0.65989,                0.55605,                 1.1164,                0.42741,                0.18182,                0.17149,                0.05846,                  2.718,                 4.4248,                 3.3662,                0.00134,                0.00134,                0.00134
                    102,                0.65671,                0.55478,                 1.1104,                 0.3413,                0.21818,                 0.2052,                0.07457,                 2.6484,                  3.264,                 3.0075,              0.0013334,              0.0013334,              0.0013334
                    103,                0.65654,                0.54133,                   1.12,                0.29278,                0.14545,                0.15969,                0.06008,                  2.628,                 3.7749,                 3.0781,              0.0013268,              0.0013268,              0.0013268
                    104,                0.64596,                0.53344,                 1.1124,                0.25152,                0.27273,                0.11242,                0.03928,                 2.5368,                 3.2851,                 3.1772,              0.0013202,              0.0013202,              0.0013202
                    105,                0.66062,                0.56579,                 1.1153,                0.35146,                0.21818,                0.14959,                0.05899,                 2.4904,                 3.7433,                 2.8933,              0.0013136,              0.0013136,              0.0013136
                    106,                0.66345,                 0.5503,                 1.1056,                0.35188,                0.18769,                0.16984,                0.07067,                 2.4755,                 3.5225,                 2.9095,               0.001307,               0.001307,               0.001307
                    107,                0.64369,                0.53172,                 1.1004,                0.18119,                0.21818,                0.13249,                0.05634,                 2.3717,                 3.6639,                 2.9535,              0.0013004,              0.0013004,              0.0013004
                    108,                0.62682,                0.52173,                 1.0873,                 0.2657,                0.18182,                0.14983,                 0.0572,                 2.5288,                 3.9726,                 3.0367,              0.0012938,              0.0012938,              0.0012938
                    109,                0.62959,                0.53114,                 1.1052,                0.16944,                0.12727,                0.12381,                0.06401,                 2.5735,                 3.9504,                 3.0311,              0.0012872,              0.0012872,              0.0012872
                    110,                0.66386,                0.55749,                 1.1151,                0.50869,                0.16364,                0.16821,                0.04341,                 2.5916,                  3.148,                 3.2578,              0.0012806,              0.0012806,              0.0012806
                    111,                0.64765,                0.54338,                 1.1022,                0.20028,                0.14545,                0.11642,                0.04741,                 2.5904,                 3.8457,                 2.9388,               0.001274,               0.001274,               0.001274
                    112,                0.66056,                0.54536,                  1.116,                0.17959,                    0.2,                0.11614,                0.05807,                 2.4737,                 3.4048,                 2.8471,              0.0012674,              0.0012674,              0.0012674
                    113,                0.65493,                0.54149,                 1.1166,                0.55802,                0.16364,                0.16619,                0.06654,                 2.7144,                 3.4581,                 3.2832,              0.0012608,              0.0012608,              0.0012608
                    114,                0.63687,                0.52758,                 1.0971,                 0.1929,                    0.2,                0.12595,                0.04023,                 2.5621,                 3.6696,                 2.9353,              0.0012542,              0.0012542,              0.0012542
                    115,                0.64144,                0.53172,                 1.1019,                0.25915,                0.16364,                0.12921,                0.06048,                 2.5003,                 3.9234,                 2.9215,              0.0012476,              0.0012476,              0.0012476
                    116,                0.66195,                0.55362,                 1.1169,                 0.4203,                0.16364,                0.17087,                0.05593,                  2.669,                 3.9524,                 3.3422,               0.001241,               0.001241,               0.001241
                    117,                0.62707,                0.52445,                 1.1051,                0.22957,                0.12727,                0.10832,                0.04175,                 2.6727,                 3.6377,                 3.1567,              0.0012344,              0.0012344,              0.0012344
                    118,                0.62773,                0.51513,                 1.0889,                0.21576,                    0.2,                0.11701,                0.04421,                 2.5208,                 4.2154,                 2.8961,              0.0012278,              0.0012278,              0.0012278
                    119,                0.61414,                0.50115,                 1.0785,                0.33373,                    0.2,                0.18814,                0.05795,                  2.782,                   3.64,                 3.2351,              0.0012212,              0.0012212,              0.0012212
                    120,                0.61277,                0.50272,                 1.0957,                0.41253,                0.23636,                 0.1962,                0.06529,                 2.5368,                 3.4966,                 3.0751,              0.0012146,              0.0012146,              0.0012146
                    121,                0.60633,                0.49874,                 1.0857,                0.26326,                0.20144,                0.16864,                0.06214,                   2.58,                 3.5464,                 3.0991,               0.001208,               0.001208,               0.001208
                    122,                0.62659,                0.51367,                 1.0966,                0.32549,                0.18182,                0.18196,                 0.0853,                 2.4872,                 3.3948,                 2.9052,              0.0012014,              0.0012014,              0.0012014
                    123,                0.60525,                0.49586,                 1.0801,                 0.3698,                0.23636,                0.19031,                0.07198,                 2.4712,                 3.3634,                 2.8796,              0.0011948,              0.0011948,              0.0011948
                    124,                0.61905,                0.50364,                 1.0827,                0.40237,                    0.2,                0.21367,                0.07989,                 2.4898,                 3.7611,                 3.1007,              0.0011882,              0.0011882,              0.0011882
                    125,                0.60444,                0.48533,                 1.0809,                0.31777,                 0.2457,                0.20036,                0.07046,                 2.5331,                 3.5368,                 2.9981,              0.0011816,              0.0011816,              0.0011816
                    126,                0.59044,                0.48931,                 1.0654,                0.40776,                0.29091,                 0.2497,                0.07916,                 2.5425,                 3.4293,                 3.3315,               0.001175,               0.001175,               0.001175
                    127,                 0.5863,                0.48097,                 1.0857,                0.30936,                0.21818,                0.18572,                0.05731,                 2.7243,                 3.9757,                 3.3598,              0.0011684,              0.0011684,              0.0011684
                    128,                0.60205,                0.49813,                 1.0851,                0.54334,                0.21818,                0.19053,                0.06735,                 2.4932,                 3.8512,                 3.0255,              0.0011618,              0.0011618,              0.0011618
                    129,                0.62148,                0.50583,                 1.0874,                 0.4815,                0.18182,                0.21232,                0.08821,                  2.505,                 3.9288,                   3.14,              0.0011552,              0.0011552,              0.0011552
                    130,                0.61053,                0.50414,                 1.0825,                0.58911,                0.14545,                0.16858,                 0.0732,                 2.5666,                 4.3058,                 2.9942,              0.0011486,              0.0011486,              0.0011486
                    131,                0.61499,                 0.5019,                  1.082,                0.34418,                0.27273,                0.20471,                 0.0896,                 2.5506,                  3.489,                 2.9512,               0.001142,               0.001142,               0.001142
                    132,                0.62005,                0.50876,                 1.0853,                 0.1879,                    0.2,                0.13233,                 0.0674,                 2.6687,                 3.2123,                 3.0503,              0.0011354,              0.0011354,              0.0011354
                    133,                0.60849,                0.50189,                 1.0958,                0.45584,                0.25455,                0.26875,                0.11118,                 2.4233,                 3.3239,                 2.9414,              0.0011288,              0.0011288,              0.0011288
                    134,                0.59965,                0.50257,                 1.0804,                 0.4474,                0.23636,                 0.2116,                0.07622,                 2.6113,                 3.6871,                 3.1675,              0.0011222,              0.0011222,              0.0011222
                    135,                0.59874,                0.48932,                 1.0762,                0.45623,                0.16364,                0.13995,                 0.0391,                 2.8547,                 4.2664,                 3.4137,              0.0011156,              0.0011156,              0.0011156
                    136,                0.56435,                0.47211,                 1.0532,                0.38626,                0.16032,                  0.166,                0.06442,                 2.6321,                 4.0228,                 3.1838,               0.001109,               0.001109,               0.001109
                    137,                0.61215,                0.50653,                 1.0851,                0.41808,                    0.2,                0.17958,                0.06317,                 2.6176,                 3.6483,                 3.1305,              0.0011024,              0.0011024,              0.0011024
                    138,                0.58226,                0.48387,                 1.0696,                0.47993,                0.18182,                0.17378,                 0.0564,                 2.6483,                 3.4683,                 3.1795,              0.0010958,              0.0010958,              0.0010958
                    139,                0.55293,                0.45133,                 1.0471,                0.24849,                0.12727,                0.11821,                 0.0494,                 2.5828,                  4.336,                 2.9388,              0.0010892,              0.0010892,              0.0010892
                    140,                0.59787,                0.48461,                 1.0721,                0.45656,                0.18182,                0.14814,                0.05931,                 2.4958,                 3.6096,                 3.0208,              0.0010826,              0.0010826,              0.0010826
                    141,                0.57673,                0.47978,                 1.0562,                 0.4353,                    0.2,                0.20948,                0.09438,                 2.5225,                 3.9284,                 3.0729,               0.001076,               0.001076,               0.001076
                    142,                0.56894,                0.47593,                 1.0619,                0.35801,                0.16364,                0.16637,                  0.078,                 2.6323,                 3.7567,                 3.1843,              0.0010694,              0.0010694,              0.0010694
                    143,                0.59691,                0.47688,                 1.0714,                 0.4523,                0.18182,                0.16911,                0.05416,                 2.6513,                 3.6257,                 3.1199,              0.0010628,              0.0010628,              0.0010628
                    144,                0.57935,                0.47273,                 1.0643,                0.32245,                0.16364,                0.15657,                0.06467,                  2.541,                 4.1377,                 3.1073,              0.0010562,              0.0010562,              0.0010562
                    145,                0.57642,                0.47525,                 1.0697,                0.48516,                0.12727,                0.13796,                0.05345,                 2.7139,                 4.1413,                 3.3324,              0.0010496,              0.0010496,              0.0010496
                    146,                0.58776,                0.48559,                 1.0725,                0.54758,                0.23636,                0.23694,                 0.0873,                 2.4562,                 3.5891,                  2.991,               0.001043,               0.001043,               0.001043
                    147,                0.59478,                0.47979,                 1.0617,                0.40058,                    0.2,                0.18621,                0.05675,                 2.6535,                 3.7318,                  3.215,              0.0010364,              0.0010364,              0.0010364
                    148,                0.56289,                0.45901,                 1.0625,                0.44018,                0.27273,                0.21003,                0.08631,                 2.4419,                 3.6122,                 2.8864,              0.0010298,              0.0010298,              0.0010298
                    149,                0.55653,                0.45322,                 1.0581,                0.57335,                0.21818,                0.22687,                0.08068,                 2.6319,                 3.8975,                 3.1887,              0.0010232,              0.0010232,              0.0010232
                    150,                0.56516,                0.47288,                 1.0628,                0.46556,                0.21818,                 0.2155,                 0.0872,                 2.4095,                 3.7078,                 2.9867,              0.0010166,              0.0010166,              0.0010166
                    151,                0.55365,                 0.4559,                  1.056,                0.14866,                0.16511,                0.11215,                0.03498,                  2.596,                 3.9906,                  3.029,                0.00101,                0.00101,                0.00101
                    152,                0.54664,                0.45001,                 1.0557,                0.28436,                    0.2,                0.17513,                0.05312,                 2.7622,                 3.9157,                  3.269,              0.0010034,              0.0010034,              0.0010034
                    153,                0.54759,                 0.4541,                 1.0445,                0.50791,                0.12727,                0.14151,                  0.052,                 2.6886,                 4.2537,                  3.129,              0.0009968,              0.0009968,              0.0009968
                    154,                0.55053,                0.44939,                 1.0524,                0.46319,                    0.2,                0.20119,                0.06807,                 2.7112,                 3.7749,                 3.2988,              0.0009902,              0.0009902,              0.0009902
                    155,                 0.5404,                0.44642,                 1.0543,                0.31137,                0.21818,                0.17376,                0.05876,                 2.4897,                 4.1394,                 2.9857,              0.0009836,              0.0009836,              0.0009836
                    156,                0.56401,                 0.4592,                  1.056,                0.38022,                0.23636,                0.21906,                 0.0699,                 2.5627,                 3.8739,                 3.1795,               0.000977,               0.000977,               0.000977
                    157,                0.54834,                0.45192,                 1.0475,                0.34096,                0.29091,                0.22483,                0.08903,                 2.4484,                 3.4255,                 2.9672,              0.0009704,              0.0009704,              0.0009704
                    158,                0.55465,                0.45858,                 1.0563,                0.47035,                0.17777,                0.17817,                0.06993,                 2.6627,                 3.9631,                 3.4282,              0.0009638,              0.0009638,              0.0009638
                    159,                0.54305,                0.43394,                 1.0442,                0.42995,                0.18182,                0.20464,                0.09095,                 2.5481,                 3.6304,                 3.0115,              0.0009572,              0.0009572,              0.0009572
                    160,                0.55757,                0.46078,                 1.0551,                0.36155,                0.18182,                0.15314,                0.06879,                 2.5896,                 3.9729,                  3.021,              0.0009506,              0.0009506,              0.0009506
                    161,                0.52225,                 0.4362,                 1.0373,                 0.3572,                0.14545,                0.14025,                0.06623,                 2.6138,                  4.123,                 3.0297,               0.000944,               0.000944,               0.000944
                    162,                0.52706,                0.43206,                 1.0335,                0.26977,                0.10909,                0.11049,                0.04711,                 2.5573,                 4.5729,                 2.8544,              0.0009374,              0.0009374,              0.0009374
                    163,                0.52993,                0.43086,                 1.0348,                0.44309,                    0.2,                0.20358,                0.06122,                 2.6782,                 4.1721,                 3.1151,              0.0009308,              0.0009308,              0.0009308
                    164,                 0.5294,                0.43674,                 1.0392,                 0.3364,                0.15686,                0.15535,                0.06736,                 2.7856,                 4.5281,                 3.1158,              0.0009242,              0.0009242,              0.0009242
                    165,                0.53293,                0.44169,                 1.0404,                0.64036,                0.21818,                0.24814,                0.08376,                  2.506,                 3.6634,                 2.9292,              0.0009176,              0.0009176,              0.0009176
                    166,                0.55707,                0.45477,                 1.0454,                  0.414,                0.27273,                0.24826,                 0.0905,                 2.6019,                 3.8377,                  3.007,               0.000911,               0.000911,               0.000911
                    167,                0.53797,                0.44415,                 1.0416,                 0.2815,                0.12727,                 0.1673,                0.05932,                 2.5816,                 4.8136,                 3.0745,              0.0009044,              0.0009044,              0.0009044
                    168,                0.53824,                0.43663,                  1.047,                0.40812,                0.23636,                0.24684,                0.08636,                 2.5646,                 3.8981,                 3.0798,              0.0008978,              0.0008978,              0.0008978
                    169,                0.52763,                0.43347,                 1.0502,                0.44478,                0.21849,                0.18925,                0.06036,                 2.6942,                 4.3792,                 3.2383,              0.0008912,              0.0008912,              0.0008912
                    170,                0.52707,                0.44079,                 1.0434,                0.42064,                0.12727,                0.14909,                 0.0627,                  2.693,                 4.4248,                 3.1986,              0.0008846,              0.0008846,              0.0008846
                    171,                0.51813,                0.42555,                 1.0403,                0.41789,                0.18182,                0.19094,                0.08211,                 2.5567,                 4.1885,                 3.2318,               0.000878,               0.000878,               0.000878
                    172,                0.50933,                0.42425,                 1.0227,                0.32216,                0.29091,                0.22001,                0.07511,                 2.5965,                 4.1309,                 3.1993,              0.0008714,              0.0008714,              0.0008714
                    173,                0.51947,                0.41867,                 1.0367,                0.40836,                    0.2,                0.21678,                0.08341,                 2.5623,                 3.6184,                 3.0314,              0.0008648,              0.0008648,              0.0008648
                    174,                0.51781,                0.42596,                 1.0405,                0.39398,                0.23636,                0.22301,                 0.0678,                 2.6301,                 3.9407,                 3.0719,              0.0008582,              0.0008582,              0.0008582
                    175,                0.53805,                0.43573,                 1.0523,                0.28583,                    0.2,                0.19411,                0.05561,                 2.8137,                 3.8848,                 3.4436,              0.0008516,              0.0008516,              0.0008516
                    176,                0.51976,                0.42298,                 1.0334,                0.36896,                0.29091,                0.18233,                0.04657,                 2.7096,                 3.8435,                 3.4739,               0.000845,               0.000845,               0.000845
                    177,                0.52722,                0.42245,                 1.0424,                0.36034,                0.23636,                0.17484,                0.06897,                 2.4621,                  3.438,                 3.1724,              0.0008384,              0.0008384,              0.0008384
                    178,                0.53333,                0.43816,                 1.0488,                  0.379,                0.16364,                0.16376,                0.06548,                 2.6966,                 4.0979,                 3.2217,              0.0008318,              0.0008318,              0.0008318
                    179,                0.52431,                0.42975,                 1.0409,                0.27452,                0.18182,                0.17725,                0.06621,                  2.583,                 4.0761,                 3.1427,              0.0008252,              0.0008252,              0.0008252
                    180,                0.51783,                0.42207,                 1.0312,                 0.4086,                    0.2,                0.20305,                0.07235,                 2.6246,                 4.0799,                 3.3603,              0.0008186,              0.0008186,              0.0008186
                    181,                0.48976,                0.39331,                 1.0082,                0.61632,                0.21818,                0.22134,                0.09191,                 2.4774,                 3.9511,                 2.9703,               0.000812,               0.000812,               0.000812
                    182,                0.54084,                 0.4222,                 1.0377,                0.31109,                0.16364,                0.18748,                0.06969,                 2.6036,                 4.4304,                 3.1912,              0.0008054,              0.0008054,              0.0008054
                    183,                0.51567,                0.41933,                  1.036,                0.62792,                0.16364,                0.20164,                0.08304,                 2.7092,                 4.2519,                 3.3032,              0.0007988,              0.0007988,              0.0007988
                    184,                0.53453,                0.43403,                 1.0411,                0.40566,                0.18182,                0.16533,                0.05955,                 2.6385,                 3.8597,                 3.3653,              0.0007922,              0.0007922,              0.0007922
                    185,                0.50431,                0.40864,                 1.0302,                0.32507,                0.12727,                0.14971,                0.06316,                 2.6749,                 4.0257,                 3.3566,              0.0007856,              0.0007856,              0.0007856
                    186,                0.50345,                0.41506,                 1.0211,                0.24099,                    0.2,                0.17374,                0.07153,                 2.7782,                  3.838,                 3.6848,               0.000779,               0.000779,               0.000779
                    187,                0.51323,                0.41303,                  1.033,                0.43638,                    0.2,                0.21958,                0.08517,                 2.7217,                 3.9461,                 3.5626,              0.0007724,              0.0007724,              0.0007724
                    188,                0.50013,                0.40627,                 1.0261,                0.35697,                0.16364,                0.18188,                0.07739,                  2.674,                 4.1699,                 3.3506,              0.0007658,              0.0007658,              0.0007658
                    189,                0.48634,                0.39865,                 1.0113,                0.31042,                0.21818,                0.18822,                0.08334,                 2.5945,                  4.042,                  3.191,              0.0007592,              0.0007592,              0.0007592
                    190,                0.48022,                 0.4093,                0.99464,                0.39708,                0.27273,                0.18706,                 0.0739,                 2.5838,                 3.6598,                 3.4226,              0.0007526,              0.0007526,              0.0007526
                    191,                0.49547,                0.40643,                 1.0102,                0.27047,                0.16364,                0.13883,                0.05591,                 2.6837,                 4.1116,                 3.2884,               0.000746,               0.000746,               0.000746
                    192,                0.49087,                 0.3967,                 1.0182,                0.22627,                 0.1596,                0.16304,                0.06791,                 2.6958,                 4.1033,                 3.1991,              0.0007394,              0.0007394,              0.0007394
                    193,                0.51594,                 0.4139,                 1.0171,                 0.2454,                0.21818,                0.16335,                0.05532,                  2.643,                 4.1801,                 3.3099,              0.0007328,              0.0007328,              0.0007328
                    194,                0.49847,                0.40714,                 1.0195,                0.37244,                0.16364,                0.18493,                0.06793,                 2.8678,                  3.748,                 3.4924,              0.0007262,              0.0007262,              0.0007262
                    195,                0.50425,                0.41612,                 1.0183,                0.20901,                    0.2,                0.15362,                 0.0528,                 2.7067,                 4.3808,                 3.2564,              0.0007196,              0.0007196,              0.0007196
                    196,                0.49044,                0.40477,                 1.0134,                0.29571,                0.14545,                0.15766,                0.05598,                 2.7508,                 4.4727,                 3.4151,               0.000713,               0.000713,               0.000713
                    197,                0.48653,                0.39868,                 1.0202,                0.38297,                0.16364,                0.16946,                0.07514,                 2.7306,                 4.0411,                 3.3978,              0.0007064,              0.0007064,              0.0007064
                    198,                0.49573,                 0.4015,                 1.0225,                0.42679,                0.21818,                0.19416,                0.07686,                 2.6685,                  3.829,                 3.1811,              0.0006998,              0.0006998,              0.0006998
                    199,                0.48857,                0.40018,                 1.0129,                0.52113,                    0.2,                0.22273,                0.07619,                 2.5703,                 4.2835,                 3.1405,              0.0006932,              0.0006932,              0.0006932
                    200,                0.48282,                0.40293,                 1.0222,                0.23569,                0.21818,                0.16418,                0.07313,                 2.4009,                  4.141,                 2.8333,              0.0006866,              0.0006866,              0.0006866
                    201,                0.49322,                0.40738,                 1.0129,                0.39007,                0.27273,                0.21454,                0.08069,                 2.4906,                 3.9985,                 3.1115,                0.00068,                0.00068,                0.00068
                    202,                0.48479,                0.38833,                 1.0118,                0.32899,                0.21818,                0.21664,                0.06627,                 2.7173,                 4.0079,                 3.3558,              0.0006734,              0.0006734,              0.0006734
                    203,                0.49494,                0.39811,                 1.0189,                0.50447,                0.25455,                0.23274,                0.08678,                 2.6762,                 4.0324,                 3.0603,              0.0006668,              0.0006668,              0.0006668
                    204,                 0.4731,                 0.3863,                 1.0076,                0.34299,                0.20896,                0.18609,                0.07078,                 2.7636,                 3.4665,                 3.3317,              0.0006602,              0.0006602,              0.0006602
                    205,                 0.4703,                0.38245,                 1.0059,                0.35835,                0.18182,                0.18611,                0.06336,                 2.7241,                 4.1016,                 3.6362,              0.0006536,              0.0006536,              0.0006536
                    206,                0.47172,                0.38899,                 1.0105,                0.36557,                0.16364,                0.17633,                0.06665,                 2.7458,                 4.1822,                 3.4468,               0.000647,               0.000647,               0.000647
                    207,                0.46899,                0.38362,                 1.0059,                0.27579,                    0.2,                0.16442,                0.06561,                 2.7292,                 3.9032,                 3.4119,              0.0006404,              0.0006404,              0.0006404
                    208,                0.48599,                0.40017,                  1.012,                0.34336,                0.18182,                0.17067,                0.07714,                  2.666,                 4.4187,                 3.1652,              0.0006338,              0.0006338,              0.0006338
                    209,                0.48388,                0.39873,                 1.0039,                0.49052,                0.23636,                0.26267,                0.09492,                 2.7408,                 3.9036,                 3.5046,              0.0006272,              0.0006272,              0.0006272
                    210,                0.47025,                0.39102,                 1.0046,                0.28671,                0.21818,                0.18141,                0.07445,                 2.6374,                 4.0479,                 3.3704,              0.0006206,              0.0006206,              0.0006206
                    211,                0.47175,                0.38824,                 1.0078,                0.28032,                0.14881,                0.18137,                0.06603,                 2.7751,                 4.2534,                 3.3343,               0.000614,               0.000614,               0.000614
                    212,                0.47505,                0.37958,                 1.0128,                0.31934,                    0.2,                0.16897,                0.07224,                 2.7243,                 4.4314,                 3.1696,              0.0006074,              0.0006074,              0.0006074
                    213,                0.45785,                0.37926,                 1.0087,                0.37523,                    0.2,                0.15839,                0.06388,                 2.6871,                 4.5124,                  3.171,              0.0006008,              0.0006008,              0.0006008
                    214,                0.45805,                 0.3793,                0.99591,                0.42337,                0.23636,                0.18661,                0.08178,                 2.5842,                 3.9365,                 3.0317,              0.0005942,              0.0005942,              0.0005942
                    215,                0.47242,                0.39642,                 1.0071,                0.26423,                0.23636,                0.17891,                0.06721,                 2.4755,                 4.1101,                 2.9057,              0.0005876,              0.0005876,              0.0005876
                    216,                0.45696,                0.37708,                 1.0072,                0.52726,                0.18182,                0.22771,                0.09322,                  2.587,                  3.873,                 3.0193,               0.000581,               0.000581,               0.000581
                    217,                0.45776,                0.36796,                0.99607,                0.35299,                0.22827,                0.22242,                0.08361,                 2.5865,                 3.5621,                 3.1949,              0.0005744,              0.0005744,              0.0005744
                    218,                  0.469,                0.38525,                 1.0086,                0.51111,                    0.2,                 0.2211,                0.08869,                 2.4948,                 3.7312,                  3.137,              0.0005678,              0.0005678,              0.0005678
                    219,                0.47712,                0.37154,                 1.0103,                0.34262,                    0.2,                0.22523,                0.07611,                 2.5606,                 4.1369,                 3.1959,              0.0005612,              0.0005612,              0.0005612
                    220,                0.45633,                0.36972,                0.99782,                0.51165,                0.18182,                0.21546,                0.07549,                 2.6025,                  3.891,                 3.1236,              0.0005546,              0.0005546,              0.0005546
                    221,                0.45545,                0.37212,                 1.0028,                0.40142,                0.17088,                0.19528,                0.06212,                 2.6865,                 4.2596,                 3.3727,               0.000548,               0.000548,               0.000548
                    222,                0.44332,                0.36591,                0.99955,                0.54577,                0.18182,                0.19535,                0.06089,                  2.733,                 4.3516,                  3.338,              0.0005414,              0.0005414,              0.0005414
                    223,                0.47216,                0.38094,                 1.0065,                 0.3636,                    0.2,                0.19326,                 0.0592,                 2.7397,                 4.2259,                 3.4445,              0.0005348,              0.0005348,              0.0005348
                    224,                0.45589,                0.37393,                0.99892,                0.47848,                0.18182,                 0.2592,                0.10057,                  2.769,                 4.5328,                 3.3309,              0.0005282,              0.0005282,              0.0005282
                    225,                0.45656,                 0.3724,                 1.0057,                0.34079,                0.16364,                0.19383,                0.08413,                 2.6987,                 4.3801,                 3.2737,              0.0005216,              0.0005216,              0.0005216
                    226,                0.47848,                0.38678,                 1.0115,                0.32803,                0.16364,                0.16443,                0.06698,                 2.7439,                 3.9648,                  3.578,               0.000515,               0.000515,               0.000515
                    227,                0.45828,                0.38133,                 0.9941,                0.44566,                0.21818,                0.21491,                0.09112,                 2.7653,                 3.8914,                 3.3752,              0.0005084,              0.0005084,              0.0005084
                    228,                0.45254,                0.36714,                0.99895,                0.52545,                0.25455,                 0.2837,                0.09637,                 2.8212,                 3.8086,                 3.3521,              0.0005018,              0.0005018,              0.0005018
                    229,                0.43561,                0.36337,                0.98149,                0.46581,                0.14545,                0.20222,                0.06979,                 2.8874,                 4.0264,                 3.5133,              0.0004952,              0.0004952,              0.0004952
                    230,                0.43835,                 0.3622,                0.99061,                0.49185,                0.12727,                 0.1847,                0.07632,                 2.7992,                 4.4209,                 3.4175,              0.0004886,              0.0004886,              0.0004886
                    231,                0.43251,                0.36567,                0.99261,                0.46587,                0.18182,                0.20827,                0.08639,                 2.6508,                 4.3336,                 3.1243,               0.000482,               0.000482,               0.000482
                    232,                0.42327,                0.35302,                0.99006,                0.31758,                 0.2624,                0.20175,                0.06981,                 2.5667,                 3.8436,                 3.0801,              0.0004754,              0.0004754,              0.0004754
                    233,                 0.4502,                0.36307,                0.98662,                0.33296,                0.27273,                0.21119,                0.08189,                 2.5427,                 3.7022,                 3.1607,              0.0004688,              0.0004688,              0.0004688
